{
  "experiment": "clip-zero-shot-text-to-image-baseline",
  "model_id": "openai/clip-vit-base-patch32",
  "device": "mps",
  "sample": "data/evaluation/sample-v1",
  "images": 100,
  "queries": 500,
  "metrics": {
    "recall_at_1": 0.852,
    "recall_at_5": 0.976,
    "recall_at_10": 0.998,
    "mrr": 0.9076198412698413,
    "mean_rank": 1.356,
    "median_rank": 1.0
  },
  "timing_seconds": {
    "model_load": 2.0599094170029275,
    "image_encoding_total": 1.8146065000037197,
    "image_encoding_per_item": 0.018146065000037195,
    "text_encoding_total": 1.4093331250041956,
    "text_encoding_per_query": 0.002818666250008391
  }
}
