{
  "experiment": "zero-shot-text-to-image-retrieval",
  "model_id": "openai/clip-vit-base-patch32",
  "device": "mps",
  "sample": "data/evaluation/sample-v1",
  "images": 100,
  "queries": 60,
  "metrics": {
    "recall_at_1": 0.48333333333333334,
    "recall_at_5": 0.5333333333333333,
    "recall_at_10": 0.6166666666666667,
    "mrr": 0.5261660556771465,
    "mean_rank": 18.133333333333333,
    "median_rank": 2.5
  },
  "metrics_by_language": {
    "en": {
      "recall_at_1": 0.9333333333333333,
      "recall_at_5": 1.0,
      "recall_at_10": 1.0,
      "mrr": 0.961111111111111,
      "mean_rank": 1.1,
      "median_rank": 1.0
    },
    "zh": {
      "recall_at_1": 0.03333333333333333,
      "recall_at_5": 0.06666666666666667,
      "recall_at_10": 0.23333333333333334,
      "mrr": 0.09122100024318192,
      "mean_rank": 35.166666666666664,
      "median_rank": 23.5
    }
  },
  "timing_seconds": {
    "model_load": 13.48035191699455,
    "image_encoding_total": 1.1692563329997938,
    "image_encoding_per_item": 0.011692563329997938,
    "text_encoding_total": 0.20477054199727718,
    "text_encoding_per_query": 0.0034128423666212864
  }
}
