{
  "experiment": "zero-shot-text-to-image-retrieval",
  "model_id": "google/siglip2-base-patch16-224",
  "adapter": {
    "checkpoint": "artifacts/training/adapter-b64-lr1e4-v1/best.pt",
    "epoch": 3,
    "validation": {
      "recall_at_1": 0.904,
      "recall_at_5": 0.9906666666666667,
      "recall_at_10": 0.9986666666666667,
      "mrr": 0.9425807432016735,
      "mean_rank": 1.24,
      "median_rank": 1.0
    }
  },
  "device": "mps",
  "sample": "data/evaluation/sample-v1",
  "query_set": "data/evaluation/sample-v1/bilingual_queries.jsonl",
  "images": 100,
  "queries": 60,
  "metrics": {
    "recall_at_1": 0.9833333333333333,
    "recall_at_5": 1.0,
    "recall_at_10": 1.0,
    "mrr": 0.9916666666666667,
    "mean_rank": 1.0166666666666666,
    "median_rank": 1.0
  },
  "metrics_by_language": {
    "en": {
      "recall_at_1": 1.0,
      "recall_at_5": 1.0,
      "recall_at_10": 1.0,
      "mrr": 1.0,
      "mean_rank": 1.0,
      "median_rank": 1.0
    },
    "zh": {
      "recall_at_1": 0.9666666666666667,
      "recall_at_5": 1.0,
      "recall_at_10": 1.0,
      "mrr": 0.9833333333333333,
      "mean_rank": 1.0333333333333334,
      "median_rank": 1.0
    }
  },
  "timing_seconds": {
    "model_load": 3.7452204580040416,
    "image_encoding_total": 2.8559861659887247,
    "image_encoding_per_item": 0.028559861659887248,
    "text_encoding_total": 0.4208153749932535,
    "text_encoding_per_query": 0.0070135895832208915
  }
}
