{
  "experiment": "zero-shot-text-to-image-retrieval",
  "model_id": "google/siglip2-base-patch16-224",
  "adapter": {
    "checkpoint": "artifacts/training/adapter-b64-lr1e4-v1/best.pt",
    "epoch": 3,
    "validation": {
      "recall_at_1": 0.904,
      "recall_at_5": 0.9906666666666667,
      "recall_at_10": 0.9986666666666667,
      "mrr": 0.9425807432016735,
      "mean_rank": 1.24,
      "median_rank": 1.0
    }
  },
  "device": "mps",
  "sample": "data/evaluation/sample-v1",
  "query_set": "flickr8k-captions",
  "images": 100,
  "queries": 500,
  "metrics": {
    "recall_at_1": 0.914,
    "recall_at_5": 0.992,
    "recall_at_10": 0.998,
    "mrr": 0.9497145161290322,
    "mean_rank": 1.202,
    "median_rank": 1.0
  },
  "metrics_by_language": {
    "en": {
      "recall_at_1": 0.914,
      "recall_at_5": 0.992,
      "recall_at_10": 0.998,
      "mrr": 0.9497145161290322,
      "mean_rank": 1.202,
      "median_rank": 1.0
    }
  },
  "timing_seconds": {
    "model_load": 3.5676582910091383,
    "image_encoding_total": 3.088084125003661,
    "image_encoding_per_item": 0.03088084125003661,
    "text_encoding_total": 3.4584710839990294,
    "text_encoding_per_query": 0.006916942167998059
  }
}
